-- MySQL Script generated by MySQL Workbench
-- Mon Oct 18 02:22:38 2021
-- Model: New Model    Version: 1.0
-- MySQL Workbench Forward Engineering

SET @OLD_UNIQUE_CHECKS=@@UNIQUE_CHECKS, UNIQUE_CHECKS=0;
SET @OLD_FOREIGN_KEY_CHECKS=@@FOREIGN_KEY_CHECKS, FOREIGN_KEY_CHECKS=0;
SET @OLD_SQL_MODE=@@SQL_MODE, SQL_MODE='ONLY_FULL_GROUP_BY,STRICT_TRANS_TABLES,NO_ZERO_IN_DATE,NO_ZERO_DATE,ERROR_FOR_DIVISION_BY_ZERO,NO_ENGINE_SUBSTITUTION';

-- -----------------------------------------------------
-- Schema mydb
-- -----------------------------------------------------
-- -----------------------------------------------------
-- Schema tutaller
-- -----------------------------------------------------

-- -----------------------------------------------------
-- Schema tutaller
-- -----------------------------------------------------
CREATE SCHEMA IF NOT EXISTS `tutaller` DEFAULT CHARACTER SET utf8 ;
USE `tutaller` ;

-- -----------------------------------------------------
-- Table `tutaller`.`country`
-- -----------------------------------------------------
CREATE TABLE IF NOT EXISTS `tutaller`.`country` (
  `id` TINYINT(4) NOT NULL AUTO_INCREMENT,
  `country_name` VARCHAR(56) NOT NULL,
  PRIMARY KEY (`id`))
ENGINE = InnoDB
AUTO_INCREMENT = 2
DEFAULT CHARACTER SET = utf8;


-- -----------------------------------------------------
-- Table `tutaller`.`region`
-- -----------------------------------------------------
CREATE TABLE IF NOT EXISTS `tutaller`.`region` (
  `id` SMALLINT(6) NOT NULL,
  `country_id` TINYINT(4) NOT NULL,
  `region_name` VARCHAR(60) NOT NULL,
  PRIMARY KEY (`id`),
  CONSTRAINT `fk_region_country1`
    FOREIGN KEY (`country_id`)
    REFERENCES `tutaller`.`country` (`id`)
    ON DELETE NO ACTION
    ON UPDATE NO ACTION)
ENGINE = InnoDB
DEFAULT CHARACTER SET = utf8;


-- -----------------------------------------------------
-- Table `tutaller`.`commune`
-- -----------------------------------------------------
CREATE TABLE IF NOT EXISTS `tutaller`.`commune` (
  `id` SMALLINT(6) NOT NULL AUTO_INCREMENT,
  `region_id` SMALLINT(6) NOT NULL,
  `commune_name` VARCHAR(60) NOT NULL,
  PRIMARY KEY (`id`),
  CONSTRAINT `fk_commune_region1`
    FOREIGN KEY (`region_id`)
    REFERENCES `tutaller`.`region` (`id`)
    ON DELETE NO ACTION
    ON UPDATE NO ACTION)
ENGINE = InnoDB
AUTO_INCREMENT = 54
DEFAULT CHARACTER SET = utf8;


-- -----------------------------------------------------
-- Table `tutaller`.`email_validate_codes`
-- -----------------------------------------------------
CREATE TABLE IF NOT EXISTS `tutaller`.`email_validate_codes` (
  `id` INT(11) NOT NULL AUTO_INCREMENT,
  `user_email` VARCHAR(45) NOT NULL,
  `recovery_code` INT(5) NOT NULL,
  PRIMARY KEY (`id`))
ENGINE = InnoDB
DEFAULT CHARACTER SET = utf8;


-- -----------------------------------------------------
-- Table `tutaller`.`image`
-- -----------------------------------------------------
CREATE TABLE IF NOT EXISTS `tutaller`.`image` (
  `id` INT(11) NOT NULL AUTO_INCREMENT,
  `image_name` VARCHAR(45) NOT NULL,
  `image_path` VARCHAR(200) NOT NULL,
  `image_ext` VARCHAR(15) NOT NULL,
  PRIMARY KEY (`id`))
ENGINE = InnoDB
AUTO_INCREMENT = 54
DEFAULT CHARACTER SET = utf8;


-- -----------------------------------------------------
-- Table `tutaller`.`offer`
-- -----------------------------------------------------
CREATE TABLE IF NOT EXISTS `tutaller`.`offer` (
  `id` INT(11) NOT NULL AUTO_INCREMENT,
  `offer_name` VARCHAR(45) NOT NULL,
  `offer_discount` TINYINT(100) NOT NULL,
  PRIMARY KEY (`id`))
ENGINE = InnoDB
AUTO_INCREMENT = 2
DEFAULT CHARACTER SET = utf8;


-- -----------------------------------------------------
-- Table `tutaller`.`user_type`
-- -----------------------------------------------------
CREATE TABLE IF NOT EXISTS `tutaller`.`user_type` (
  `id` INT(11) NOT NULL AUTO_INCREMENT,
  `user_type_name` VARCHAR(45) NOT NULL,
  `user_type_description` VARCHAR(45) NOT NULL,
  PRIMARY KEY (`id`))
ENGINE = InnoDB
AUTO_INCREMENT = 5
DEFAULT CHARACTER SET = utf8;


-- -----------------------------------------------------
-- Table `tutaller`.`user`
-- -----------------------------------------------------
CREATE TABLE IF NOT EXISTS `tutaller`.`user` (
  `user_rut` INT(11) NOT NULL,
  `user_type_id` INT(11) NOT NULL,
  `user_name` VARCHAR(45) NOT NULL,
  `user_last_name` VARCHAR(45) NOT NULL,
  `user_email` VARCHAR(45) NOT NULL,
  `user_phone` INT(11) NOT NULL,
  `user_password` VARCHAR(65) NOT NULL,
  `user_status` VARCHAR(45) NOT NULL,
  PRIMARY KEY (`user_rut`),
  UNIQUE INDEX `user_email_UNIQUE` (`user_email` ASC),
  UNIQUE INDEX `user_phone_UNIQUE` (`user_phone` ASC),
  CONSTRAINT `fk_user_user_type1`
    FOREIGN KEY (`user_type_id`)
    REFERENCES `tutaller`.`user_type` (`id`)
    ON DELETE NO ACTION
    ON UPDATE NO ACTION)
ENGINE = InnoDB
DEFAULT CHARACTER SET = utf8;


-- -----------------------------------------------------
-- Table `tutaller`.`workshop`
-- -----------------------------------------------------
CREATE TABLE IF NOT EXISTS `tutaller`.`workshop` (
  `id` SMALLINT(6) NOT NULL AUTO_INCREMENT,
  `workshop_name` VARCHAR(45) NOT NULL,
  `workshop_number` INT(11) NOT NULL,
  `workshop_description` VARCHAR(580) NOT NULL,
  PRIMARY KEY (`id`))
ENGINE = InnoDB
AUTO_INCREMENT = 38
DEFAULT CHARACTER SET = utf8;


-- -----------------------------------------------------
-- Table `tutaller`.`workshop_office_suscription`
-- -----------------------------------------------------
CREATE TABLE IF NOT EXISTS `tutaller`.`workshop_office_suscription` (
  `id` INT(11) NOT NULL AUTO_INCREMENT,
  `offer_id` INT(11) NOT NULL,
  `name` VARCHAR(45) NOT NULL,
  `price` INT(11) NOT NULL,
  `periodicity` VARCHAR(45) NOT NULL,
  `description` VARCHAR(99) NOT NULL,
  PRIMARY KEY (`id`),
  CONSTRAINT `fk_workshop_suscription_offer1`
    FOREIGN KEY (`offer_id`)
    REFERENCES `tutaller`.`offer` (`id`)
    ON DELETE NO ACTION
    ON UPDATE NO ACTION)
ENGINE = InnoDB
AUTO_INCREMENT = 3
DEFAULT CHARACTER SET = utf8;


-- -----------------------------------------------------
-- Table `tutaller`.`workshop_office`
-- -----------------------------------------------------
CREATE TABLE IF NOT EXISTS `tutaller`.`workshop_office` (
  `id` SMALLINT(6) NOT NULL AUTO_INCREMENT,
  `workshop_id` SMALLINT(6) NOT NULL,
  `commune_id` SMALLINT(6) NOT NULL,
  `workshop_suscription_id` INT(11) NOT NULL,
  `workshop_office_address` VARCHAR(45) NOT NULL,
  `workshop_office_phone` INT(11) NOT NULL,
  PRIMARY KEY (`id`),
  UNIQUE INDEX `workshop_office_address_UNIQUE` (`workshop_office_address` ASC),
  CONSTRAINT `fk_workshop_office_commune1`
    FOREIGN KEY (`commune_id`)
    REFERENCES `tutaller`.`commune` (`id`)
    ON DELETE NO ACTION
    ON UPDATE NO ACTION,
  CONSTRAINT `fk_workshop_office_workshop1`
    FOREIGN KEY (`workshop_id`)
    REFERENCES `tutaller`.`workshop` (`id`)
    ON DELETE NO ACTION
    ON UPDATE NO ACTION,
  CONSTRAINT `fk_workshop_office_workshop_suscription1`
    FOREIGN KEY (`workshop_suscription_id`)
    REFERENCES `tutaller`.`workshop_office_suscription` (`id`)
    ON DELETE NO ACTION
    ON UPDATE NO ACTION)
ENGINE = InnoDB
AUTO_INCREMENT = 33
DEFAULT CHARACTER SET = utf8;


-- -----------------------------------------------------
-- Table `tutaller`.`workshop_office_employee`
-- -----------------------------------------------------
CREATE TABLE IF NOT EXISTS `tutaller`.`workshop_office_employee` (
  `id` INT(11) NOT NULL AUTO_INCREMENT,
  `workshop_office_id` SMALLINT(6) NOT NULL,
  `user_rut` INT(11) NOT NULL,
  `workshop_office_employee_specialization` VARCHAR(45) NOT NULL,
  `workshop_office_employee_experience` VARCHAR(45) NOT NULL,
  PRIMARY KEY (`id`),
  CONSTRAINT `fk_employee_user1`
    FOREIGN KEY (`user_rut`)
    REFERENCES `tutaller`.`user` (`user_rut`)
    ON DELETE NO ACTION
    ON UPDATE NO ACTION,
  CONSTRAINT `fk_employee_workshop_office1`
    FOREIGN KEY (`workshop_office_id`)
    REFERENCES `tutaller`.`workshop_office` (`id`)
    ON DELETE NO ACTION
    ON UPDATE NO ACTION)
ENGINE = InnoDB
AUTO_INCREMENT = 28
DEFAULT CHARACTER SET = utf8;


-- -----------------------------------------------------
-- Table `tutaller`.`workshop_office_service`
-- -----------------------------------------------------
CREATE TABLE IF NOT EXISTS `tutaller`.`workshop_office_service` (
  `id` INT(11) NOT NULL AUTO_INCREMENT,
  `workshop_office_id` SMALLINT(6) NOT NULL,
  `offer_id` INT(11) NOT NULL,
  `workshop_office_service_name` VARCHAR(45) NOT NULL,
  `workshop_office_service_price` INT(11) NOT NULL,
  `workshop_office_service_estimated_time` VARCHAR(45) NOT NULL,
  `workshop_office_service_description` VARCHAR(99) NOT NULL,
  PRIMARY KEY (`id`),
  CONSTRAINT `fk_workshop_office_service_offer1`
    FOREIGN KEY (`offer_id`)
    REFERENCES `tutaller`.`offer` (`id`)
    ON DELETE NO ACTION
    ON UPDATE NO ACTION,
  CONSTRAINT `fk_workshop_office_service_workshop_office1`
    FOREIGN KEY (`workshop_office_id`)
    REFERENCES `tutaller`.`workshop_office` (`id`)
    ON DELETE NO ACTION
    ON UPDATE NO ACTION)
ENGINE = InnoDB
AUTO_INCREMENT = 3
DEFAULT CHARACTER SET = utf8;


-- -----------------------------------------------------
-- Table `tutaller`.`workshop_office_work`
-- -----------------------------------------------------
CREATE TABLE IF NOT EXISTS `tutaller`.`workshop_office_work` (
  `id` INT(11) NOT NULL AUTO_INCREMENT,
  `workshop_office_service_id` INT(11) NOT NULL,
  `employee_id` INT(11) NOT NULL,
  `user_user_rut` INT(11) NOT NULL,
  `workshop_office_work_status` VARCHAR(45) NOT NULL,
  PRIMARY KEY (`id`),
  CONSTRAINT `fk_workshop_office_work_employee1`
    FOREIGN KEY (`employee_id`)
    REFERENCES `tutaller`.`workshop_office_employee` (`id`)
    ON DELETE NO ACTION
    ON UPDATE NO ACTION,
  CONSTRAINT `fk_workshop_office_work_user1`
    FOREIGN KEY (`user_user_rut`)
    REFERENCES `tutaller`.`user` (`user_rut`)
    ON DELETE NO ACTION
    ON UPDATE NO ACTION,
  CONSTRAINT `fk_workshop_office_work_workshop_office_service1`
    FOREIGN KEY (`workshop_office_service_id`)
    REFERENCES `tutaller`.`workshop_office_service` (`id`)
    ON DELETE NO ACTION
    ON UPDATE NO ACTION)
ENGINE = InnoDB
DEFAULT CHARACTER SET = utf8;


-- -----------------------------------------------------
-- Table `tutaller`.`office_work_technical_report`
-- -----------------------------------------------------
CREATE TABLE IF NOT EXISTS `tutaller`.`office_work_technical_report` (
  `id` INT(11) NOT NULL AUTO_INCREMENT,
  `workshop_office_work_id` INT(11) NOT NULL,
  `office_work_technical_report_km` INT(11) NOT NULL,
  `office_work_technical_report_ppu` VARCHAR(10) NOT NULL,
  `office_work_technical_report_fuel_type` VARCHAR(45) NOT NULL,
  `office_work_technical_report_color` VARCHAR(45) NOT NULL,
  `office_work_technical_report_engine` VARCHAR(45) NOT NULL,
  `office_work_technical_report_model` VARCHAR(45) NOT NULL,
  `office_work_technical_report_brand` VARCHAR(45) NOT NULL,
  `office_work_technical_report_chassis` VARCHAR(45) NOT NULL,
  `office_work_technical_report_description` VARCHAR(580) NOT NULL,
  PRIMARY KEY (`id`),
  CONSTRAINT `fk_office_work_technical_report_workshop_office_work1`
    FOREIGN KEY (`workshop_office_work_id`)
    REFERENCES `tutaller`.`workshop_office_work` (`id`)
    ON DELETE NO ACTION
    ON UPDATE NO ACTION)
ENGINE = InnoDB
DEFAULT CHARACTER SET = utf8;


-- -----------------------------------------------------
-- Table `tutaller`.`password_reset_codes`
-- -----------------------------------------------------
CREATE TABLE IF NOT EXISTS `tutaller`.`password_reset_codes` (
  `id` INT(11) NOT NULL AUTO_INCREMENT,
  `user_email` VARCHAR(45) NOT NULL,
  `recovery_code` INT(5) NOT NULL,
  PRIMARY KEY (`id`))
ENGINE = InnoDB
DEFAULT CHARACTER SET = utf8;


-- -----------------------------------------------------
-- Table `tutaller`.`payment_method`
-- -----------------------------------------------------
CREATE TABLE IF NOT EXISTS `tutaller`.`payment_method` (
  `id` INT(11) NOT NULL AUTO_INCREMENT,
  `payment_method_name` VARCHAR(45) NOT NULL,
  PRIMARY KEY (`id`))
ENGINE = InnoDB
DEFAULT CHARACTER SET = utf8;


-- -----------------------------------------------------
-- Table `tutaller`.`payment_receipt`
-- -----------------------------------------------------
CREATE TABLE IF NOT EXISTS `tutaller`.`payment_receipt` (
  `id` INT(11) NOT NULL AUTO_INCREMENT,
  `user_rut` INT(11) NOT NULL,
  `payment_receipt_date` DATE NOT NULL,
  `payment_receipt_time` TIME NOT NULL,
  PRIMARY KEY (`id`),
  CONSTRAINT `fk_payment_receipt_user1`
    FOREIGN KEY (`user_rut`)
    REFERENCES `tutaller`.`user` (`user_rut`)
    ON DELETE NO ACTION
    ON UPDATE NO ACTION)
ENGINE = InnoDB
DEFAULT CHARACTER SET = utf8;


-- -----------------------------------------------------
-- Table `tutaller`.`payment_receipt_method`
-- -----------------------------------------------------
CREATE TABLE IF NOT EXISTS `tutaller`.`payment_receipt_method` (
  `id` INT(11) NOT NULL AUTO_INCREMENT,
  `payment_receipt_id` INT(11) NOT NULL,
  `payment_method_id` INT(11) NOT NULL,
  PRIMARY KEY (`id`),
  CONSTRAINT `fk_payment_receipt_method_payment_method1`
    FOREIGN KEY (`payment_method_id`)
    REFERENCES `tutaller`.`payment_method` (`id`)
    ON DELETE NO ACTION
    ON UPDATE NO ACTION,
  CONSTRAINT `fk_payment_receipt_method_payment_receipt1`
    FOREIGN KEY (`payment_receipt_id`)
    REFERENCES `tutaller`.`payment_receipt` (`id`)
    ON DELETE NO ACTION
    ON UPDATE NO ACTION)
ENGINE = InnoDB
DEFAULT CHARACTER SET = utf8;


-- -----------------------------------------------------
-- Table `tutaller`.`payment_receipt_suscription`
-- -----------------------------------------------------
CREATE TABLE IF NOT EXISTS `tutaller`.`payment_receipt_suscription` (
  `id` INT(11) NOT NULL AUTO_INCREMENT,
  `workshop_suscription_id` INT(11) NOT NULL,
  `payment_receipt_id` INT(11) NOT NULL,
  PRIMARY KEY (`id`, `workshop_suscription_id`, `payment_receipt_id`),
  CONSTRAINT `fk_payment_receipt_suscription_payment_receipt1`
    FOREIGN KEY (`payment_receipt_id`)
    REFERENCES `tutaller`.`payment_receipt` (`id`)
    ON DELETE NO ACTION
    ON UPDATE NO ACTION,
  CONSTRAINT `fk_payment_receipt_suscription_workshop_suscription1`
    FOREIGN KEY (`workshop_suscription_id`)
    REFERENCES `tutaller`.`workshop_office_suscription` (`id`)
    ON DELETE NO ACTION
    ON UPDATE NO ACTION)
ENGINE = InnoDB
DEFAULT CHARACTER SET = utf8;


-- -----------------------------------------------------
-- Table `tutaller`.`workshop_office_ad`
-- -----------------------------------------------------
CREATE TABLE IF NOT EXISTS `tutaller`.`workshop_office_ad` (
  `id` INT(11) NOT NULL AUTO_INCREMENT,
  `workshop_office_id` SMALLINT(6) NOT NULL,
  `workshop_office_ad_bid` INT(11) NOT NULL,
  `image_id` INT(11) NOT NULL,
  `workshop_office_ad_name` VARCHAR(45) NOT NULL,
  `workshop_office_ad_money_spent` INT(11) NOT NULL,
  `workshop_office_ad_status` VARCHAR(45) NOT NULL,
  PRIMARY KEY (`id`),
  CONSTRAINT `fk_workshop_ad_image1`
    FOREIGN KEY (`image_id`)
    REFERENCES `tutaller`.`image` (`id`)
    ON DELETE NO ACTION
    ON UPDATE NO ACTION,
  CONSTRAINT `fk_workshop_ad_workshop_office1`
    FOREIGN KEY (`workshop_office_id`)
    REFERENCES `tutaller`.`workshop_office` (`id`)
    ON DELETE NO ACTION
    ON UPDATE NO ACTION)
ENGINE = InnoDB
AUTO_INCREMENT = 40
DEFAULT CHARACTER SET = utf8;


-- -----------------------------------------------------
-- Table `tutaller`.`payment_receipt_workshop_ad`
-- -----------------------------------------------------
CREATE TABLE IF NOT EXISTS `tutaller`.`payment_receipt_workshop_ad` (
  `id` INT(11) NOT NULL AUTO_INCREMENT,
  `workshop_ad_id` INT(11) NOT NULL,
  `payment_receipt_id` INT(11) NOT NULL,
  PRIMARY KEY (`id`),
  CONSTRAINT `fk_payment_receipt_workshop_ad_payment_receipt1`
    FOREIGN KEY (`payment_receipt_id`)
    REFERENCES `tutaller`.`payment_receipt` (`id`)
    ON DELETE NO ACTION
    ON UPDATE NO ACTION,
  CONSTRAINT `fk_payment_receipt_workshop_ad_workshop_ad1`
    FOREIGN KEY (`workshop_ad_id`)
    REFERENCES `tutaller`.`workshop_office_ad` (`id`)
    ON DELETE NO ACTION
    ON UPDATE NO ACTION)
ENGINE = InnoDB
DEFAULT CHARACTER SET = utf8;


-- -----------------------------------------------------
-- Table `tutaller`.`postulation`
-- -----------------------------------------------------
CREATE TABLE IF NOT EXISTS `tutaller`.`postulation` (
  `id` INT(11) NOT NULL AUTO_INCREMENT,
  `user_user_rut` INT(11) NOT NULL,
  `postulation_current_status` VARCHAR(45) NOT NULL,
  `postulation_message` VARCHAR(99) NOT NULL,
  `workshop_id` SMALLINT(6) NOT NULL,
  `postulation_date_time` DATETIME NOT NULL,
  PRIMARY KEY (`id`),
  CONSTRAINT `fk_postulation_workshop1`
    FOREIGN KEY (`workshop_id`)
    REFERENCES `tutaller`.`workshop` (`id`)
    ON DELETE NO ACTION
    ON UPDATE NO ACTION,
  CONSTRAINT `fk_postulations_user1`
    FOREIGN KEY (`user_user_rut`)
    REFERENCES `tutaller`.`user` (`user_rut`)
    ON DELETE NO ACTION
    ON UPDATE NO ACTION)
ENGINE = InnoDB
AUTO_INCREMENT = 4
DEFAULT CHARACTER SET = utf8;


-- -----------------------------------------------------
-- Table `tutaller`.`usability_questionnaire`
-- -----------------------------------------------------
CREATE TABLE IF NOT EXISTS `tutaller`.`usability_questionnaire` (
  `id` INT(11) NOT NULL AUTO_INCREMENT,
  `usability_questionnaire_name` VARCHAR(45) NOT NULL,
  `usability_questionnaire_description` VARCHAR(580) NOT NULL,
  PRIMARY KEY (`id`))
ENGINE = InnoDB
DEFAULT CHARACTER SET = utf8;


-- -----------------------------------------------------
-- Table `tutaller`.`questionnaire_question`
-- -----------------------------------------------------
CREATE TABLE IF NOT EXISTS `tutaller`.`questionnaire_question` (
  `id` INT(11) NOT NULL AUTO_INCREMENT,
  `usability_questionnaire_id` INT(11) NOT NULL,
  `questionnaire_question_name` VARCHAR(45) NOT NULL,
  `questionnaire_question_type` VARCHAR(45) NOT NULL,
  PRIMARY KEY (`id`),
  CONSTRAINT `fk_questionnaire_questions_usability_questionnaires1`
    FOREIGN KEY (`usability_questionnaire_id`)
    REFERENCES `tutaller`.`usability_questionnaire` (`id`)
    ON DELETE NO ACTION
    ON UPDATE NO ACTION)
ENGINE = InnoDB
DEFAULT CHARACTER SET = utf8;


-- -----------------------------------------------------
-- Table `tutaller`.`questionnaire_question_answer`
-- -----------------------------------------------------
CREATE TABLE IF NOT EXISTS `tutaller`.`questionnaire_question_answer` (
  `id` INT(11) NOT NULL AUTO_INCREMENT,
  `user_user_rut` INT(11) NOT NULL,
  `questionnaire_question_id` INT(11) NOT NULL,
  `questionnaire_response` VARCHAR(255) NOT NULL,
  PRIMARY KEY (`id`),
  CONSTRAINT `fk_questionnaire_question_answer_questionnaire_question1`
    FOREIGN KEY (`questionnaire_question_id`)
    REFERENCES `tutaller`.`questionnaire_question` (`id`)
    ON DELETE NO ACTION
    ON UPDATE NO ACTION,
  CONSTRAINT `fk_questionnaire_question_answer_user1`
    FOREIGN KEY (`user_user_rut`)
    REFERENCES `tutaller`.`user` (`user_rut`)
    ON DELETE NO ACTION
    ON UPDATE NO ACTION)
ENGINE = InnoDB
DEFAULT CHARACTER SET = utf8;


-- -----------------------------------------------------
-- Table `tutaller`.`questionnaire_question_item`
-- -----------------------------------------------------
CREATE TABLE IF NOT EXISTS `tutaller`.`questionnaire_question_item` (
  `id` INT(11) NOT NULL,
  `questionnaire_question_id` INT(11) NOT NULL,
  `questionnarie_question_item_statement` VARCHAR(580) NOT NULL,
  PRIMARY KEY (`id`),
  CONSTRAINT `fk_questionnarie_question_item_questionnaire_question1`
    FOREIGN KEY (`questionnaire_question_id`)
    REFERENCES `tutaller`.`questionnaire_question` (`id`)
    ON DELETE NO ACTION
    ON UPDATE NO ACTION)
ENGINE = InnoDB
DEFAULT CHARACTER SET = utf8;


-- -----------------------------------------------------
-- Table `tutaller`.`workshop_office_attention`
-- -----------------------------------------------------
CREATE TABLE IF NOT EXISTS `tutaller`.`workshop_office_attention` (
  `id` INT(11) NOT NULL AUTO_INCREMENT,
  `workshop_office_id` SMALLINT(6) NOT NULL,
  `workshop_office_attention_day` VARCHAR(10) NOT NULL,
  `workshop_office_attention_aperture_time` TIME NOT NULL,
  `workshop_office_attention_departure_time` TIME NOT NULL,
  PRIMARY KEY (`id`),
  CONSTRAINT `fk_workshop_office_attention_time_workshop_office1`
    FOREIGN KEY (`workshop_office_id`)
    REFERENCES `tutaller`.`workshop_office` (`id`)
    ON DELETE NO ACTION
    ON UPDATE NO ACTION)
ENGINE = InnoDB
AUTO_INCREMENT = 37
DEFAULT CHARACTER SET = utf8;


-- -----------------------------------------------------
-- Table `tutaller`.`reservation_attention`
-- -----------------------------------------------------
CREATE TABLE IF NOT EXISTS `tutaller`.`reservation_attention` (
  `id` INT(11) NOT NULL AUTO_INCREMENT,
  `workshop_office_attention_time_id` INT(11) NOT NULL,
  `user_user_rut` INT(11) NOT NULL,
  `status` VARCHAR(45) NOT NULL,
  PRIMARY KEY (`id`),
  CONSTRAINT `fk_reservation_attention_user1`
    FOREIGN KEY (`user_user_rut`)
    REFERENCES `tutaller`.`user` (`user_rut`)
    ON DELETE NO ACTION
    ON UPDATE NO ACTION,
  CONSTRAINT `fk_reservation_attention_workshop_office_attention_time1`
    FOREIGN KEY (`workshop_office_attention_time_id`)
    REFERENCES `tutaller`.`workshop_office_attention` (`id`)
    ON DELETE NO ACTION
    ON UPDATE NO ACTION)
ENGINE = InnoDB
DEFAULT CHARACTER SET = utf8;


-- -----------------------------------------------------
-- Table `tutaller`.`user_usability_questionnaire`
-- -----------------------------------------------------
CREATE TABLE IF NOT EXISTS `tutaller`.`user_usability_questionnaire` (
  `id` INT(11) NOT NULL,
  `user_user_rut` INT(11) NOT NULL,
  `usability_questionnaire_id` INT(11) NOT NULL,
  `status` VARCHAR(45) NOT NULL,
  PRIMARY KEY (`id`),
  CONSTRAINT `fk_user_usability_questionnaire_usability_questionnaire1`
    FOREIGN KEY (`usability_questionnaire_id`)
    REFERENCES `tutaller`.`usability_questionnaire` (`id`)
    ON DELETE NO ACTION
    ON UPDATE NO ACTION,
  CONSTRAINT `fk_user_usability_questionnaire_user1`
    FOREIGN KEY (`user_user_rut`)
    REFERENCES `tutaller`.`user` (`user_rut`)
    ON DELETE NO ACTION
    ON UPDATE NO ACTION)
ENGINE = InnoDB
DEFAULT CHARACTER SET = utf8;


-- -----------------------------------------------------
-- Table `tutaller`.`workshop_office_evaluation`
-- -----------------------------------------------------
CREATE TABLE IF NOT EXISTS `tutaller`.`workshop_office_evaluation` (
  `id` INT(11) NOT NULL AUTO_INCREMENT,
  `workshop_evaluation_rating` TINYINT(5) NOT NULL,
  `workshop_evaluation_review` VARCHAR(580) NOT NULL,
  `user_user_rut` INT(11) NOT NULL,
  `workshop_office_id` SMALLINT(6) NOT NULL,
  PRIMARY KEY (`id`),
  CONSTRAINT `fk_workshop_office_evaluation_user1`
    FOREIGN KEY (`user_user_rut`)
    REFERENCES `tutaller`.`user` (`user_rut`)
    ON DELETE NO ACTION
    ON UPDATE NO ACTION,
  CONSTRAINT `fk_workshop_office_evaluation_workshop_office1`
    FOREIGN KEY (`workshop_office_id`)
    REFERENCES `tutaller`.`workshop_office` (`id`)
    ON DELETE NO ACTION
    ON UPDATE NO ACTION)
ENGINE = InnoDB
DEFAULT CHARACTER SET = utf8;


-- -----------------------------------------------------
-- Table `tutaller`.`workshop_office_service_advance`
-- -----------------------------------------------------
CREATE TABLE IF NOT EXISTS `tutaller`.`workshop_office_service_advance` (
  `id` INT(11) NOT NULL AUTO_INCREMENT,
  `image_id` INT(11) NOT NULL,
  `workshop_office_work_id` INT(11) NOT NULL,
  `workshop_office_service_advance_description` VARCHAR(255) NOT NULL,
  PRIMARY KEY (`id`),
  CONSTRAINT `fk_workshop_office_service_advance_image1`
    FOREIGN KEY (`image_id`)
    REFERENCES `tutaller`.`image` (`id`)
    ON DELETE NO ACTION
    ON UPDATE NO ACTION,
  CONSTRAINT `fk_workshop_office_service_advance_workshop_office_work1`
    FOREIGN KEY (`workshop_office_work_id`)
    REFERENCES `tutaller`.`workshop_office_work` (`id`)
    ON DELETE NO ACTION
    ON UPDATE NO ACTION)
ENGINE = InnoDB
DEFAULT CHARACTER SET = utf8;


-- -----------------------------------------------------
-- Table `tutaller`.`workshop_office_service_payment_receipt`
-- -----------------------------------------------------
CREATE TABLE IF NOT EXISTS `tutaller`.`workshop_office_service_payment_receipt` (
  `id` INT(11) NOT NULL AUTO_INCREMENT,
  `workshop_office_service_id` INT(11) NOT NULL,
  `payment_receipt_id` INT(11) NOT NULL,
  PRIMARY KEY (`id`),
  CONSTRAINT `fk_workshop_office_service_payment_receipt_payment_receipt1`
    FOREIGN KEY (`payment_receipt_id`)
    REFERENCES `tutaller`.`payment_receipt` (`id`)
    ON DELETE NO ACTION
    ON UPDATE NO ACTION,
  CONSTRAINT `fk_workshop_office_service_payment_receipt_workshop_office_se1`
    FOREIGN KEY (`workshop_office_service_id`)
    REFERENCES `tutaller`.`workshop_office_service` (`id`)
    ON DELETE NO ACTION
    ON UPDATE NO ACTION)
ENGINE = InnoDB
DEFAULT CHARACTER SET = utf8;


-- -----------------------------------------------------
-- Table `tutaller`.`workshop_office_work_case`
-- -----------------------------------------------------
CREATE TABLE IF NOT EXISTS `tutaller`.`workshop_office_work_case` (
  `idworkshop_office_work_case` INT(11) NOT NULL,
  `workshop_office_work_case_msg` VARCHAR(255) NOT NULL,
  `case_current_status` VARCHAR(45) NOT NULL,
  `workshop_office_work_id` INT(11) NOT NULL,
  `user_user_rut` INT(11) NOT NULL,
  PRIMARY KEY (`idworkshop_office_work_case`),
  CONSTRAINT `fk_workshop_office_work_case_user1`
    FOREIGN KEY (`user_user_rut`)
    REFERENCES `tutaller`.`user` (`user_rut`)
    ON DELETE NO ACTION
    ON UPDATE NO ACTION,
  CONSTRAINT `fk_workshop_office_work_case_workshop_office_work1`
    FOREIGN KEY (`workshop_office_work_id`)
    REFERENCES `tutaller`.`workshop_office_work` (`id`)
    ON DELETE NO ACTION
    ON UPDATE NO ACTION)
ENGINE = InnoDB
DEFAULT CHARACTER SET = utf8;


-- -----------------------------------------------------
-- Table `tutaller`.`workshop_office_work_milestone`
-- -----------------------------------------------------
CREATE TABLE IF NOT EXISTS `tutaller`.`workshop_office_work_milestone` (
  `id` INT(11) NOT NULL AUTO_INCREMENT,
  `workshop_office_work_id` INT(11) NOT NULL,
  `workshop_office_work_milestone_name` VARCHAR(45) NOT NULL,
  `workshop_office_work_milestone_description` VARCHAR(99) NOT NULL,
  `workshop_office_work_milestone_status` VARCHAR(45) NOT NULL,
  PRIMARY KEY (`id`),
  CONSTRAINT `fk_workshop_office_work_milestone_workshop_office_work1`
    FOREIGN KEY (`workshop_office_work_id`)
    REFERENCES `tutaller`.`workshop_office_work` (`id`)
    ON DELETE NO ACTION
    ON UPDATE NO ACTION)
ENGINE = InnoDB
DEFAULT CHARACTER SET = utf8;

INSERT INTO `user_type` (`id`,`user_type_name`,`user_type_description`) VALUES (1,'admin','system administrator');
INSERT INTO `user_type` (`id`,`user_type_name`,`user_type_description`) VALUES (2,'user','system user');
INSERT INTO `user_type` (`id`,`user_type_name`,`user_type_description`) VALUES (3,'adminworkshop','workshop administrator');
INSERT INTO `user_type` (`id`,`user_type_name`,`user_type_description`) VALUES (4,'technicianworkshop','workshop office technician');
INSERT INTO `country` (`id`,`country_name`) VALUES (1,'Chile');
INSERT INTO `region` (`id`,`country_id`,`region_name`) VALUES (1,1,'Arica y Parinacota');
INSERT INTO `region` (`id`,`country_id`,`region_name`) VALUES (2,1,'Región de Tarapacá');
INSERT INTO `region` (`id`,`country_id`,`region_name`) VALUES (3,1,'Región de Antofagasta');
INSERT INTO `region` (`id`,`country_id`,`region_name`) VALUES (4,1,'Región de Atacama');
INSERT INTO `region` (`id`,`country_id`,`region_name`) VALUES (5,1,'Región de Coquimbo');
INSERT INTO `region` (`id`,`country_id`,`region_name`) VALUES (6,1,'Región de Valparaíso');
INSERT INTO `region` (`id`,`country_id`,`region_name`) VALUES (7,1,'Región Metropolitana de Santiago');
INSERT INTO `region` (`id`,`country_id`,`region_name`) VALUES (8,1,'Región del Libertador General Bernardo O’Higgins');
INSERT INTO `region` (`id`,`country_id`,`region_name`) VALUES (9,1,'Región del Maule');
INSERT INTO `region` (`id`,`country_id`,`region_name`) VALUES (10,1,'Región del Ñuble');
INSERT INTO `region` (`id`,`country_id`,`region_name`) VALUES (11,1,'Región del Biobío');
INSERT INTO `region` (`id`,`country_id`,`region_name`) VALUES (12,1,'Región de La Araucanía');
INSERT INTO `region` (`id`,`country_id`,`region_name`) VALUES (13,1,'Región de Los Ríos');
INSERT INTO `region` (`id`,`country_id`,`region_name`) VALUES (14,1,'Región de Los Lagos');
INSERT INTO `region` (`id`,`country_id`,`region_name`) VALUES (15,1,'Región de Aysén del General Carlos Ibáñez del Campo');
INSERT INTO `region` (`id`,`country_id`,`region_name`) VALUES (16,1,'Región de Magallanes y la Antártica Chilena');

INSERT INTO `tutaller`.`commune` (`region_id`, `commune_name`) VALUES ('1','Arica');
INSERT INTO `tutaller`.`commune` (`region_id`, `commune_name`) VALUES ('1','Camarones');

INSERT INTO `tutaller`.`commune` (`region_id`, `commune_name`) VALUES ('1','Putre');
INSERT INTO `tutaller`.`commune` (`region_id`, `commune_name`) VALUES ('1','General Lagos');


INSERT INTO `tutaller`.`commune` (`region_id`, `commune_name`) VALUES ('2','Iquique');
INSERT INTO `tutaller`.`commune` (`region_id`, `commune_name`) VALUES ('2','Alto Hospicio');

INSERT INTO `tutaller`.`commune` (`region_id`, `commune_name`) VALUES ('2','Pozo Almonte');
INSERT INTO `tutaller`.`commune` (`region_id`, `commune_name`) VALUES ('2','Camiña');
INSERT INTO `tutaller`.`commune` (`region_id`, `commune_name`) VALUES ('2','Colchane');
INSERT INTO `tutaller`.`commune` (`region_id`, `commune_name`) VALUES ('2','Huara');
INSERT INTO `tutaller`.`commune` (`region_id`, `commune_name`) VALUES ('2','Pica');


INSERT INTO `tutaller`.`commune` (`region_id`, `commune_name`) VALUES ('3','Antofagasta');
INSERT INTO `tutaller`.`commune` (`region_id`, `commune_name`) VALUES ('3','Mejillones');
INSERT INTO `tutaller`.`commune` (`region_id`, `commune_name`) VALUES ('3','Sierra Gorda');
INSERT INTO `tutaller`.`commune` (`region_id`, `commune_name`) VALUES ('3','Taltal');

INSERT INTO `tutaller`.`commune` (`region_id`, `commune_name`) VALUES ('3','Calama');
INSERT INTO `tutaller`.`commune` (`region_id`, `commune_name`) VALUES ('3','Ollagüe');
INSERT INTO `tutaller`.`commune` (`region_id`, `commune_name`) VALUES ('3','San Pedro de Atacama');

INSERT INTO `tutaller`.`commune` (`region_id`, `commune_name`) VALUES ('3','Tocopilla');
INSERT INTO `tutaller`.`commune` (`region_id`, `commune_name`) VALUES ('3','María Elena');


INSERT INTO `tutaller`.`commune` (`region_id`, `commune_name`) VALUES ('4','Copiapó');
INSERT INTO `tutaller`.`commune` (`region_id`, `commune_name`) VALUES ('4','Caldera');
INSERT INTO `tutaller`.`commune` (`region_id`, `commune_name`) VALUES ('4','Tierra Amarilla');

INSERT INTO `tutaller`.`commune` (`region_id`, `commune_name`) VALUES ('4','Chañaral');
INSERT INTO `tutaller`.`commune` (`region_id`, `commune_name`) VALUES ('4','Diego de Almagro');
INSERT INTO `tutaller`.`commune` (`region_id`, `commune_name`) VALUES ('4','Huasco');
INSERT INTO `tutaller`.`commune` (`region_id`, `commune_name`) VALUES ('4','Vallenar');
INSERT INTO `tutaller`.`commune` (`region_id`, `commune_name`) VALUES ('4','Alto del Carmen');
INSERT INTO `tutaller`.`commune` (`region_id`, `commune_name`) VALUES ('4','Freirina');
INSERT INTO `tutaller`.`commune` (`region_id`, `commune_name`) VALUES ('4','Huasco');


INSERT INTO `tutaller`.`commune` (`region_id`, `commune_name`) VALUES ('5','La Serena');
INSERT INTO `tutaller`.`commune` (`region_id`, `commune_name`) VALUES ('5','Coquimbo');
INSERT INTO `tutaller`.`commune` (`region_id`, `commune_name`) VALUES ('5','Andacollo');
INSERT INTO `tutaller`.`commune` (`region_id`, `commune_name`) VALUES ('5','La Higuera');
INSERT INTO `tutaller`.`commune` (`region_id`, `commune_name`) VALUES ('5','Paiguano');
INSERT INTO `tutaller`.`commune` (`region_id`, `commune_name`) VALUES ('5','Vicuña');

INSERT INTO `tutaller`.`commune` (`region_id`, `commune_name`) VALUES ('5','Illapel');
INSERT INTO `tutaller`.`commune` (`region_id`, `commune_name`) VALUES ('5','Canela');
INSERT INTO `tutaller`.`commune` (`region_id`, `commune_name`) VALUES ('5','Los Vilos');
INSERT INTO `tutaller`.`commune` (`region_id`, `commune_name`) VALUES ('5','Salamanca');

INSERT INTO `tutaller`.`commune` (`region_id`, `commune_name`) VALUES ('5','Ovalle');
INSERT INTO `tutaller`.`commune` (`region_id`, `commune_name`) VALUES ('5','Combarbalá');
INSERT INTO `tutaller`.`commune` (`region_id`, `commune_name`) VALUES ('5','Monte Patria');
INSERT INTO `tutaller`.`commune` (`region_id`, `commune_name`) VALUES ('5','Punitaqui');
INSERT INTO `tutaller`.`commune` (`region_id`, `commune_name`) VALUES ('5','Río Hurtado');


INSERT INTO `tutaller`.`commune` (`region_id`, `commune_name`) VALUES ('6','Valparaíso');
INSERT INTO `tutaller`.`commune` (`region_id`, `commune_name`) VALUES ('6','Casablanca');
INSERT INTO `tutaller`.`commune` (`region_id`, `commune_name`) VALUES ('6','Concón');
INSERT INTO `tutaller`.`commune` (`region_id`, `commune_name`) VALUES ('6','Puchuncaví');
INSERT INTO `tutaller`.`commune` (`region_id`, `commune_name`) VALUES ('6','Quintero');
INSERT INTO `tutaller`.`commune` (`region_id`, `commune_name`) VALUES ('6','Viña del Mar');

INSERT INTO `tutaller`.`commune` (`region_id`, `commune_name`) VALUES ('6','Los Andes');
INSERT INTO `tutaller`.`commune` (`region_id`, `commune_name`) VALUES ('6','Calle Larga');
INSERT INTO `tutaller`.`commune` (`region_id`, `commune_name`) VALUES ('6','Rinconada');
INSERT INTO `tutaller`.`commune` (`region_id`, `commune_name`) VALUES ('6','San Esteban');

INSERT INTO `tutaller`.`commune` (`region_id`, `commune_name`) VALUES ('6','La Ligua');
INSERT INTO `tutaller`.`commune` (`region_id`, `commune_name`) VALUES ('6','Cabildo');
INSERT INTO `tutaller`.`commune` (`region_id`, `commune_name`) VALUES ('6','Papudo');
INSERT INTO `tutaller`.`commune` (`region_id`, `commune_name`) VALUES ('6','Petorca');
INSERT INTO `tutaller`.`commune` (`region_id`, `commune_name`) VALUES ('6','Zapallar');

INSERT INTO `tutaller`.`commune` (`region_id`, `commune_name`) VALUES ('6','Quillota');
INSERT INTO `tutaller`.`commune` (`region_id`, `commune_name`) VALUES ('6','Calera');
INSERT INTO `tutaller`.`commune` (`region_id`, `commune_name`) VALUES ('6','Hijuelas');
INSERT INTO `tutaller`.`commune` (`region_id`, `commune_name`) VALUES ('6','La Cruz');
INSERT INTO `tutaller`.`commune` (`region_id`, `commune_name`) VALUES ('6','Nogales');

INSERT INTO `tutaller`.`commune` (`region_id`, `commune_name`) VALUES ('6','San Antonio');
INSERT INTO `tutaller`.`commune` (`region_id`, `commune_name`) VALUES ('6','Algarrobo');
INSERT INTO `tutaller`.`commune` (`region_id`, `commune_name`) VALUES ('6','Cartagena');
INSERT INTO `tutaller`.`commune` (`region_id`, `commune_name`) VALUES ('6','El Quisco');
INSERT INTO `tutaller`.`commune` (`region_id`, `commune_name`) VALUES ('6','El Tabo');
INSERT INTO `tutaller`.`commune` (`region_id`, `commune_name`) VALUES ('6','Santo Domingo');

INSERT INTO `tutaller`.`commune` (`region_id`, `commune_name`) VALUES ('6','San Felipe');
INSERT INTO `tutaller`.`commune` (`region_id`, `commune_name`) VALUES ('6','Catemu');
INSERT INTO `tutaller`.`commune` (`region_id`, `commune_name`) VALUES ('6','Llaillay');
INSERT INTO `tutaller`.`commune` (`region_id`, `commune_name`) VALUES ('6','Panquehue');
INSERT INTO `tutaller`.`commune` (`region_id`, `commune_name`) VALUES ('6','Putaendo');
INSERT INTO `tutaller`.`commune` (`region_id`, `commune_name`) VALUES ('6','Santa María');

INSERT INTO `tutaller`.`commune` (`region_id`, `commune_name`) VALUES ('6','Quilpué');
INSERT INTO `tutaller`.`commune` (`region_id`, `commune_name`) VALUES ('6','Limache');
INSERT INTO `tutaller`.`commune` (`region_id`, `commune_name`) VALUES ('6','Olmué');
INSERT INTO `tutaller`.`commune` (`region_id`, `commune_name`) VALUES ('6','Villa Alemana');


INSERT INTO `tutaller`.`commune` (`region_id`, `commune_name`) VALUES ('7','Santiago');
INSERT INTO `tutaller`.`commune` (`region_id`, `commune_name`) VALUES ('7','Cerrillos');
INSERT INTO `tutaller`.`commune` (`region_id`, `commune_name`) VALUES ('7','Cerro Navia');
INSERT INTO `tutaller`.`commune` (`region_id`, `commune_name`) VALUES ('7','Conchalí');
INSERT INTO `tutaller`.`commune` (`region_id`, `commune_name`) VALUES ('7','El Bosque');
INSERT INTO `tutaller`.`commune` (`region_id`, `commune_name`) VALUES ('7','Estación Central');
INSERT INTO `tutaller`.`commune` (`region_id`, `commune_name`) VALUES ('7','Huechuraba');
INSERT INTO `tutaller`.`commune` (`region_id`, `commune_name`) VALUES ('7','Independencia');
INSERT INTO `tutaller`.`commune` (`region_id`, `commune_name`) VALUES ('7','La Cisterna');
INSERT INTO `tutaller`.`commune` (`region_id`, `commune_name`) VALUES ('7','La Florida');
INSERT INTO `tutaller`.`commune` (`region_id`, `commune_name`) VALUES ('7','La Granja');
INSERT INTO `tutaller`.`commune` (`region_id`, `commune_name`) VALUES ('7','La Pintana');
INSERT INTO `tutaller`.`commune` (`region_id`, `commune_name`) VALUES ('7','La Reina');
INSERT INTO `tutaller`.`commune` (`region_id`, `commune_name`) VALUES ('7','Las Condes');
INSERT INTO `tutaller`.`commune` (`region_id`, `commune_name`) VALUES ('7','Lo Barnechea');
INSERT INTO `tutaller`.`commune` (`region_id`, `commune_name`) VALUES ('7','Lo Espejo');
INSERT INTO `tutaller`.`commune` (`region_id`, `commune_name`) VALUES ('7','Lo Prado');
INSERT INTO `tutaller`.`commune` (`region_id`, `commune_name`) VALUES ('7','Macul');
INSERT INTO `tutaller`.`commune` (`region_id`, `commune_name`) VALUES ('7','Maipú');
INSERT INTO `tutaller`.`commune` (`region_id`, `commune_name`) VALUES ('7','Ñuñoa');
INSERT INTO `tutaller`.`commune` (`region_id`, `commune_name`) VALUES ('7','Pedro Aguirre Cerda');
INSERT INTO `tutaller`.`commune` (`region_id`, `commune_name`) VALUES ('7','Peñalolén');
INSERT INTO `tutaller`.`commune` (`region_id`, `commune_name`) VALUES ('7','Providencia');
INSERT INTO `tutaller`.`commune` (`region_id`, `commune_name`) VALUES ('7','Pudahuel');
INSERT INTO `tutaller`.`commune` (`region_id`, `commune_name`) VALUES ('7','Quilicura');
INSERT INTO `tutaller`.`commune` (`region_id`, `commune_name`) VALUES ('7','Quinta Normal');
INSERT INTO `tutaller`.`commune` (`region_id`, `commune_name`) VALUES ('7','Recoleta');
INSERT INTO `tutaller`.`commune` (`region_id`, `commune_name`) VALUES ('7','Renca');
INSERT INTO `tutaller`.`commune` (`region_id`, `commune_name`) VALUES ('7','San Joaquín');
INSERT INTO `tutaller`.`commune` (`region_id`, `commune_name`) VALUES ('7','San Miguel');
INSERT INTO `tutaller`.`commune` (`region_id`, `commune_name`) VALUES ('7','San Ramón');
INSERT INTO `tutaller`.`commune` (`region_id`, `commune_name`) VALUES ('7','Vitacura');

INSERT INTO `tutaller`.`commune` (`region_id`, `commune_name`) VALUES ('7','Puente Alto');
INSERT INTO `tutaller`.`commune` (`region_id`, `commune_name`) VALUES ('7','Pirque');
INSERT INTO `tutaller`.`commune` (`region_id`, `commune_name`) VALUES ('7','San José de Maipo');

INSERT INTO `tutaller`.`commune` (`region_id`, `commune_name`) VALUES ('7','Colina');
INSERT INTO `tutaller`.`commune` (`region_id`, `commune_name`) VALUES ('7','Lampa');
INSERT INTO `tutaller`.`commune` (`region_id`, `commune_name`) VALUES ('7','Tiltil');

INSERT INTO `tutaller`.`commune` (`region_id`, `commune_name`) VALUES ('7','San Bernardo');
INSERT INTO `tutaller`.`commune` (`region_id`, `commune_name`) VALUES ('7','Buin');
INSERT INTO `tutaller`.`commune` (`region_id`, `commune_name`) VALUES ('7','Calera de Tango');
INSERT INTO `tutaller`.`commune` (`region_id`, `commune_name`) VALUES ('7','Paine');

INSERT INTO `tutaller`.`commune` (`region_id`, `commune_name`) VALUES ('7','Melipilla');
INSERT INTO `tutaller`.`commune` (`region_id`, `commune_name`) VALUES ('7','Alhué');
INSERT INTO `tutaller`.`commune` (`region_id`, `commune_name`) VALUES ('7','Curacaví');
INSERT INTO `tutaller`.`commune` (`region_id`, `commune_name`) VALUES ('7','María Pinto');
INSERT INTO `tutaller`.`commune` (`region_id`, `commune_name`) VALUES ('7','San Pedro');

INSERT INTO `tutaller`.`commune` (`region_id`, `commune_name`) VALUES ('7','Talagante');
INSERT INTO `tutaller`.`commune` (`region_id`, `commune_name`) VALUES ('7','El Monte');
INSERT INTO `tutaller`.`commune` (`region_id`, `commune_name`) VALUES ('7','Isla de Maipo');
INSERT INTO `tutaller`.`commune` (`region_id`, `commune_name`) VALUES ('7','Padre Hurtado');
INSERT INTO `tutaller`.`commune` (`region_id`, `commune_name`) VALUES ('7','Peñaflor');


INSERT INTO `tutaller`.`commune` (`region_id`, `commune_name`) VALUES ('8','Rancagua');
INSERT INTO `tutaller`.`commune` (`region_id`, `commune_name`) VALUES ('8','Codegua');
INSERT INTO `tutaller`.`commune` (`region_id`, `commune_name`) VALUES ('8','Coinco');
INSERT INTO `tutaller`.`commune` (`region_id`, `commune_name`) VALUES ('8','Coltauco');
INSERT INTO `tutaller`.`commune` (`region_id`, `commune_name`) VALUES ('8','Doñihue');
INSERT INTO `tutaller`.`commune` (`region_id`, `commune_name`) VALUES ('8','Graneros');
INSERT INTO `tutaller`.`commune` (`region_id`, `commune_name`) VALUES ('8','Las Cabras');
INSERT INTO `tutaller`.`commune` (`region_id`, `commune_name`) VALUES ('8','Machalí');
INSERT INTO `tutaller`.`commune` (`region_id`, `commune_name`) VALUES ('8','Malloa');
INSERT INTO `tutaller`.`commune` (`region_id`, `commune_name`) VALUES ('8','Mostazal');
INSERT INTO `tutaller`.`commune` (`region_id`, `commune_name`) VALUES ('8','Olivar');
INSERT INTO `tutaller`.`commune` (`region_id`, `commune_name`) VALUES ('8','Peumo');
INSERT INTO `tutaller`.`commune` (`region_id`, `commune_name`) VALUES ('8','Pichidegua');
INSERT INTO `tutaller`.`commune` (`region_id`, `commune_name`) VALUES ('8','Quinta de Tilcoco');
INSERT INTO `tutaller`.`commune` (`region_id`, `commune_name`) VALUES ('8','Rengo');
INSERT INTO `tutaller`.`commune` (`region_id`, `commune_name`) VALUES ('8','Requínoa');
INSERT INTO `tutaller`.`commune` (`region_id`, `commune_name`) VALUES ('8','San Vicente');

INSERT INTO `tutaller`.`commune` (`region_id`, `commune_name`) VALUES ('8','Pichilemu');
INSERT INTO `tutaller`.`commune` (`region_id`, `commune_name`) VALUES ('8','La Estrella');
INSERT INTO `tutaller`.`commune` (`region_id`, `commune_name`) VALUES ('8','Litueche');
INSERT INTO `tutaller`.`commune` (`region_id`, `commune_name`) VALUES ('8','Marchihue');
INSERT INTO `tutaller`.`commune` (`region_id`, `commune_name`) VALUES ('8','Navidad');
INSERT INTO `tutaller`.`commune` (`region_id`, `commune_name`) VALUES ('8','Paredones');

INSERT INTO `tutaller`.`commune` (`region_id`, `commune_name`) VALUES ('8','San Fernando');
INSERT INTO `tutaller`.`commune` (`region_id`, `commune_name`) VALUES ('8','Chépica');
INSERT INTO `tutaller`.`commune` (`region_id`, `commune_name`) VALUES ('8','Chimbarongo');
INSERT INTO `tutaller`.`commune` (`region_id`, `commune_name`) VALUES ('8','Lolol');
INSERT INTO `tutaller`.`commune` (`region_id`, `commune_name`) VALUES ('8','Nancagua');
INSERT INTO `tutaller`.`commune` (`region_id`, `commune_name`) VALUES ('8','Palmilla');
INSERT INTO `tutaller`.`commune` (`region_id`, `commune_name`) VALUES ('8','Peralillo');
INSERT INTO `tutaller`.`commune` (`region_id`, `commune_name`) VALUES ('8','Placilla');
INSERT INTO `tutaller`.`commune` (`region_id`, `commune_name`) VALUES ('8','Pumanque');
INSERT INTO `tutaller`.`commune` (`region_id`, `commune_name`) VALUES ('8','Santa Cruz');


INSERT INTO `tutaller`.`commune` (`region_id`, `commune_name`) VALUES ('9','Talca');
INSERT INTO `tutaller`.`commune` (`region_id`, `commune_name`) VALUES ('9','Constitución');
INSERT INTO `tutaller`.`commune` (`region_id`, `commune_name`) VALUES ('9','Curepto');
INSERT INTO `tutaller`.`commune` (`region_id`, `commune_name`) VALUES ('9','Empedrado');
INSERT INTO `tutaller`.`commune` (`region_id`, `commune_name`) VALUES ('9','Maule');
INSERT INTO `tutaller`.`commune` (`region_id`, `commune_name`) VALUES ('9','Pelarco');
INSERT INTO `tutaller`.`commune` (`region_id`, `commune_name`) VALUES ('9','Pencahue');
INSERT INTO `tutaller`.`commune` (`region_id`, `commune_name`) VALUES ('9','Río Claro');
INSERT INTO `tutaller`.`commune` (`region_id`, `commune_name`) VALUES ('9','San Clemente');
INSERT INTO `tutaller`.`commune` (`region_id`, `commune_name`) VALUES ('9','San Rafael');

INSERT INTO `tutaller`.`commune` (`region_id`, `commune_name`) VALUES ('9','Cauquenes');
INSERT INTO `tutaller`.`commune` (`region_id`, `commune_name`) VALUES ('9','Chanco');
INSERT INTO `tutaller`.`commune` (`region_id`, `commune_name`) VALUES ('9','Pelluhue');

INSERT INTO `tutaller`.`commune` (`region_id`, `commune_name`) VALUES ('9','Curicó');
INSERT INTO `tutaller`.`commune` (`region_id`, `commune_name`) VALUES ('9','Hualañé');
INSERT INTO `tutaller`.`commune` (`region_id`, `commune_name`) VALUES ('9','Licantén');
INSERT INTO `tutaller`.`commune` (`region_id`, `commune_name`) VALUES ('9','Molina');
INSERT INTO `tutaller`.`commune` (`region_id`, `commune_name`) VALUES ('9','Rauco');
INSERT INTO `tutaller`.`commune` (`region_id`, `commune_name`) VALUES ('9','Romeral');
INSERT INTO `tutaller`.`commune` (`region_id`, `commune_name`) VALUES ('9','Sagrada Familia');
INSERT INTO `tutaller`.`commune` (`region_id`, `commune_name`) VALUES ('9','Teno');
INSERT INTO `tutaller`.`commune` (`region_id`, `commune_name`) VALUES ('9','Vichuquén');

INSERT INTO `tutaller`.`commune` (`region_id`, `commune_name`) VALUES ('9','Linares');
INSERT INTO `tutaller`.`commune` (`region_id`, `commune_name`) VALUES ('9','Colbún');
INSERT INTO `tutaller`.`commune` (`region_id`, `commune_name`) VALUES ('9','Longaví');
INSERT INTO `tutaller`.`commune` (`region_id`, `commune_name`) VALUES ('9','Parral');
INSERT INTO `tutaller`.`commune` (`region_id`, `commune_name`) VALUES ('9','Retiro');
INSERT INTO `tutaller`.`commune` (`region_id`, `commune_name`) VALUES ('9','San Javier');
INSERT INTO `tutaller`.`commune` (`region_id`, `commune_name`) VALUES ('9','Villa Alegre');
INSERT INTO `tutaller`.`commune` (`region_id`, `commune_name`) VALUES ('9','Yerbas Buenas');


INSERT INTO `tutaller`.`commune` (`region_id`, `commune_name`) VALUES ('10','Chillán');
INSERT INTO `tutaller`.`commune` (`region_id`, `commune_name`) VALUES ('10','Bulnes');
INSERT INTO `tutaller`.`commune` (`region_id`, `commune_name`) VALUES ('10','Chillán Viejo');
INSERT INTO `tutaller`.`commune` (`region_id`, `commune_name`) VALUES ('10','El Carmen');
INSERT INTO `tutaller`.`commune` (`region_id`, `commune_name`) VALUES ('10','Pemuco');
INSERT INTO `tutaller`.`commune` (`region_id`, `commune_name`) VALUES ('10','Pinto');
INSERT INTO `tutaller`.`commune` (`region_id`, `commune_name`) VALUES ('10','Quillón');
INSERT INTO `tutaller`.`commune` (`region_id`, `commune_name`) VALUES ('10','San Ignacio');
INSERT INTO `tutaller`.`commune` (`region_id`, `commune_name`) VALUES ('10','Yungay');

INSERT INTO `tutaller`.`commune` (`region_id`, `commune_name`) VALUES ('10','Quirihue');
INSERT INTO `tutaller`.`commune` (`region_id`, `commune_name`) VALUES ('10','Cobquecura');
INSERT INTO `tutaller`.`commune` (`region_id`, `commune_name`) VALUES ('10','Coelemu');
INSERT INTO `tutaller`.`commune` (`region_id`, `commune_name`) VALUES ('10','Ninhue');
INSERT INTO `tutaller`.`commune` (`region_id`, `commune_name`) VALUES ('10','Portezuelo');
INSERT INTO `tutaller`.`commune` (`region_id`, `commune_name`) VALUES ('10','Ránquil');
INSERT INTO `tutaller`.`commune` (`region_id`, `commune_name`) VALUES ('10','Treguaco');

INSERT INTO `tutaller`.`commune` (`region_id`, `commune_name`) VALUES ('10','San Carlos');
INSERT INTO `tutaller`.`commune` (`region_id`, `commune_name`) VALUES ('10','Coihueco');
INSERT INTO `tutaller`.`commune` (`region_id`, `commune_name`) VALUES ('10','Ñiquén');
INSERT INTO `tutaller`.`commune` (`region_id`, `commune_name`) VALUES ('10','San Fabián');
INSERT INTO `tutaller`.`commune` (`region_id`, `commune_name`) VALUES ('10','San Nicolás');


INSERT INTO `tutaller`.`commune` (`region_id`, `commune_name`) VALUES ('11','Concepción');
INSERT INTO `tutaller`.`commune` (`region_id`, `commune_name`) VALUES ('11','Coronel');
INSERT INTO `tutaller`.`commune` (`region_id`, `commune_name`) VALUES ('11','Chiguayante');
INSERT INTO `tutaller`.`commune` (`region_id`, `commune_name`) VALUES ('11','Florida');
INSERT INTO `tutaller`.`commune` (`region_id`, `commune_name`) VALUES ('11','Hualqui');
INSERT INTO `tutaller`.`commune` (`region_id`, `commune_name`) VALUES ('11','Lota');
INSERT INTO `tutaller`.`commune` (`region_id`, `commune_name`) VALUES ('11','Penco');
INSERT INTO `tutaller`.`commune` (`region_id`, `commune_name`) VALUES ('11','San Pedro de La Paz');
INSERT INTO `tutaller`.`commune` (`region_id`, `commune_name`) VALUES ('11','Santa Juana');
INSERT INTO `tutaller`.`commune` (`region_id`, `commune_name`) VALUES ('11','Talcahuano');
INSERT INTO `tutaller`.`commune` (`region_id`, `commune_name`) VALUES ('11','Tomé');
INSERT INTO `tutaller`.`commune` (`region_id`, `commune_name`) VALUES ('11','Hualpén');

INSERT INTO `tutaller`.`commune` (`region_id`, `commune_name`) VALUES ('11','Lebu');
INSERT INTO `tutaller`.`commune` (`region_id`, `commune_name`) VALUES ('11','Arauco');
INSERT INTO `tutaller`.`commune` (`region_id`, `commune_name`) VALUES ('11','Cañete');
INSERT INTO `tutaller`.`commune` (`region_id`, `commune_name`) VALUES ('11','Contulmo');
INSERT INTO `tutaller`.`commune` (`region_id`, `commune_name`) VALUES ('11','Curanilahue');
INSERT INTO `tutaller`.`commune` (`region_id`, `commune_name`) VALUES ('11','Los Alamos');
INSERT INTO `tutaller`.`commune` (`region_id`, `commune_name`) VALUES ('11','Tirúa');

INSERT INTO `tutaller`.`commune` (`region_id`, `commune_name`) VALUES ('11','Los Ángeles');
INSERT INTO `tutaller`.`commune` (`region_id`, `commune_name`) VALUES ('11','Antuco');
INSERT INTO `tutaller`.`commune` (`region_id`, `commune_name`) VALUES ('11','Cabrero');
INSERT INTO `tutaller`.`commune` (`region_id`, `commune_name`) VALUES ('11','Laja');
INSERT INTO `tutaller`.`commune` (`region_id`, `commune_name`) VALUES ('11','Mulchén');
INSERT INTO `tutaller`.`commune` (`region_id`, `commune_name`) VALUES ('11','Nacimiento');
INSERT INTO `tutaller`.`commune` (`region_id`, `commune_name`) VALUES ('11','Negrete');
INSERT INTO `tutaller`.`commune` (`region_id`, `commune_name`) VALUES ('11','Quilaco');
INSERT INTO `tutaller`.`commune` (`region_id`, `commune_name`) VALUES ('11','Quilleco');
INSERT INTO `tutaller`.`commune` (`region_id`, `commune_name`) VALUES ('11','San Rosendo');
INSERT INTO `tutaller`.`commune` (`region_id`, `commune_name`) VALUES ('11','Santa Bárbara');
INSERT INTO `tutaller`.`commune` (`region_id`, `commune_name`) VALUES ('11','Tucapel');
INSERT INTO `tutaller`.`commune` (`region_id`, `commune_name`) VALUES ('11','Yumbel');
INSERT INTO `tutaller`.`commune` (`region_id`, `commune_name`) VALUES ('11','Alto Biobío');


INSERT INTO `tutaller`.`commune` (`region_id`, `commune_name`) VALUES ('12','Temuco');
INSERT INTO `tutaller`.`commune` (`region_id`, `commune_name`) VALUES ('12','Carahue');
INSERT INTO `tutaller`.`commune` (`region_id`, `commune_name`) VALUES ('12','Cunco');
INSERT INTO `tutaller`.`commune` (`region_id`, `commune_name`) VALUES ('12','Curarrehue');
INSERT INTO `tutaller`.`commune` (`region_id`, `commune_name`) VALUES ('12','Freire');
INSERT INTO `tutaller`.`commune` (`region_id`, `commune_name`) VALUES ('12','Galvarino');
INSERT INTO `tutaller`.`commune` (`region_id`, `commune_name`) VALUES ('12','Gorbea');
INSERT INTO `tutaller`.`commune` (`region_id`, `commune_name`) VALUES ('12','Lautaro');
INSERT INTO `tutaller`.`commune` (`region_id`, `commune_name`) VALUES ('12','Loncoche');
INSERT INTO `tutaller`.`commune` (`region_id`, `commune_name`) VALUES ('12','Melipeuco');
INSERT INTO `tutaller`.`commune` (`region_id`, `commune_name`) VALUES ('12','Nueva Imperial');
INSERT INTO `tutaller`.`commune` (`region_id`, `commune_name`) VALUES ('12','Padre las Casas');
INSERT INTO `tutaller`.`commune` (`region_id`, `commune_name`) VALUES ('12','Perquenco');
INSERT INTO `tutaller`.`commune` (`region_id`, `commune_name`) VALUES ('12','Pitrufquén');
INSERT INTO `tutaller`.`commune` (`region_id`, `commune_name`) VALUES ('12','Pucón');
INSERT INTO `tutaller`.`commune` (`region_id`, `commune_name`) VALUES ('12','Saavedra');
INSERT INTO `tutaller`.`commune` (`region_id`, `commune_name`) VALUES ('12','Teodoro Schmidt');
INSERT INTO `tutaller`.`commune` (`region_id`, `commune_name`) VALUES ('12','Toltén');
INSERT INTO `tutaller`.`commune` (`region_id`, `commune_name`) VALUES ('12','Vilcún');
INSERT INTO `tutaller`.`commune` (`region_id`, `commune_name`) VALUES ('12','Villarrica');
INSERT INTO `tutaller`.`commune` (`region_id`, `commune_name`) VALUES ('12','Cholchol');

INSERT INTO `tutaller`.`commune` (`region_id`, `commune_name`) VALUES ('12','Angol');
INSERT INTO `tutaller`.`commune` (`region_id`, `commune_name`) VALUES ('12','Collipulli');
INSERT INTO `tutaller`.`commune` (`region_id`, `commune_name`) VALUES ('12','Curacautín');
INSERT INTO `tutaller`.`commune` (`region_id`, `commune_name`) VALUES ('12','Ercilla');
INSERT INTO `tutaller`.`commune` (`region_id`, `commune_name`) VALUES ('12','Lonquimay');
INSERT INTO `tutaller`.`commune` (`region_id`, `commune_name`) VALUES ('12','Los Sauces');
INSERT INTO `tutaller`.`commune` (`region_id`, `commune_name`) VALUES ('12','Lumaco');
INSERT INTO `tutaller`.`commune` (`region_id`, `commune_name`) VALUES ('12','Purén');
INSERT INTO `tutaller`.`commune` (`region_id`, `commune_name`) VALUES ('12','Renaico');
INSERT INTO `tutaller`.`commune` (`region_id`, `commune_name`) VALUES ('12','Traiguén');
INSERT INTO `tutaller`.`commune` (`region_id`, `commune_name`) VALUES ('12','Victoria');


INSERT INTO `tutaller`.`commune` (`region_id`, `commune_name`) VALUES ('13','Valdivia');
INSERT INTO `tutaller`.`commune` (`region_id`, `commune_name`) VALUES ('13','Corral');
INSERT INTO `tutaller`.`commune` (`region_id`, `commune_name`) VALUES ('13','Lanco');
INSERT INTO `tutaller`.`commune` (`region_id`, `commune_name`) VALUES ('13','Los Lagos');
INSERT INTO `tutaller`.`commune` (`region_id`, `commune_name`) VALUES ('13','Máfil');
INSERT INTO `tutaller`.`commune` (`region_id`, `commune_name`) VALUES ('13','Mariquina');
INSERT INTO `tutaller`.`commune` (`region_id`, `commune_name`) VALUES ('13','Paillaco');
INSERT INTO `tutaller`.`commune` (`region_id`, `commune_name`) VALUES ('13','Panguipulli');

INSERT INTO `tutaller`.`commune` (`region_id`, `commune_name`) VALUES ('13','La Unión');
INSERT INTO `tutaller`.`commune` (`region_id`, `commune_name`) VALUES ('13','Futrono');
INSERT INTO `tutaller`.`commune` (`region_id`, `commune_name`) VALUES ('13','Lago Ranco');
INSERT INTO `tutaller`.`commune` (`region_id`, `commune_name`) VALUES ('13','Río Bueno');


INSERT INTO `tutaller`.`commune` (`region_id`, `commune_name`) VALUES ('14','Puerto Montt');
INSERT INTO `tutaller`.`commune` (`region_id`, `commune_name`) VALUES ('14','Calbuco');
INSERT INTO `tutaller`.`commune` (`region_id`, `commune_name`) VALUES ('14','Cochamó');
INSERT INTO `tutaller`.`commune` (`region_id`, `commune_name`) VALUES ('14','Fresia');
INSERT INTO `tutaller`.`commune` (`region_id`, `commune_name`) VALUES ('14','Frutillar');
INSERT INTO `tutaller`.`commune` (`region_id`, `commune_name`) VALUES ('14','Los Muermos');
INSERT INTO `tutaller`.`commune` (`region_id`, `commune_name`) VALUES ('14','Llanquihue');
INSERT INTO `tutaller`.`commune` (`region_id`, `commune_name`) VALUES ('14','Maullín');
INSERT INTO `tutaller`.`commune` (`region_id`, `commune_name`) VALUES ('14','Puerto Varas');

INSERT INTO `tutaller`.`commune` (`region_id`, `commune_name`) VALUES ('14','Castro');
INSERT INTO `tutaller`.`commune` (`region_id`, `commune_name`) VALUES ('14','Ancud');
INSERT INTO `tutaller`.`commune` (`region_id`, `commune_name`) VALUES ('14','Chonchi');
INSERT INTO `tutaller`.`commune` (`region_id`, `commune_name`) VALUES ('14','Curaco de Vélez');
INSERT INTO `tutaller`.`commune` (`region_id`, `commune_name`) VALUES ('14','Dalcahue');
INSERT INTO `tutaller`.`commune` (`region_id`, `commune_name`) VALUES ('14','Puqueldón');
INSERT INTO `tutaller`.`commune` (`region_id`, `commune_name`) VALUES ('14','Queilén');
INSERT INTO `tutaller`.`commune` (`region_id`, `commune_name`) VALUES ('14','Quellón');
INSERT INTO `tutaller`.`commune` (`region_id`, `commune_name`) VALUES ('14','Quemchi');
INSERT INTO `tutaller`.`commune` (`region_id`, `commune_name`) VALUES ('14','Quinchao');

INSERT INTO `tutaller`.`commune` (`region_id`, `commune_name`) VALUES ('14','Osorno');
INSERT INTO `tutaller`.`commune` (`region_id`, `commune_name`) VALUES ('14','Puerto Octay');
INSERT INTO `tutaller`.`commune` (`region_id`, `commune_name`) VALUES ('14','Purranque');
INSERT INTO `tutaller`.`commune` (`region_id`, `commune_name`) VALUES ('14','Puyehue');
INSERT INTO `tutaller`.`commune` (`region_id`, `commune_name`) VALUES ('14','Río Negro');
INSERT INTO `tutaller`.`commune` (`region_id`, `commune_name`) VALUES ('14','San Juan de la Costa');
INSERT INTO `tutaller`.`commune` (`region_id`, `commune_name`) VALUES ('14','San Pablo');

INSERT INTO `tutaller`.`commune` (`region_id`, `commune_name`) VALUES ('14','Chaitén');
INSERT INTO `tutaller`.`commune` (`region_id`, `commune_name`) VALUES ('14','Futaleufú');
INSERT INTO `tutaller`.`commune` (`region_id`, `commune_name`) VALUES ('14','Hualaihué');
INSERT INTO `tutaller`.`commune` (`region_id`, `commune_name`) VALUES ('14','Palena');


INSERT INTO `tutaller`.`commune` (`region_id`, `commune_name`) VALUES ('15','Coyhaique');
INSERT INTO `tutaller`.`commune` (`region_id`, `commune_name`) VALUES ('15','Lago Verde');

INSERT INTO `tutaller`.`commune` (`region_id`, `commune_name`) VALUES ('15','Aysén');
INSERT INTO `tutaller`.`commune` (`region_id`, `commune_name`) VALUES ('15','Cisnes');
INSERT INTO `tutaller`.`commune` (`region_id`, `commune_name`) VALUES ('15','Guaitecas');

INSERT INTO `tutaller`.`commune` (`region_id`, `commune_name`) VALUES ('15','Cochrane');
INSERT INTO `tutaller`.`commune` (`region_id`, `commune_name`) VALUES ('15','O´Higgins');
INSERT INTO `tutaller`.`commune` (`region_id`, `commune_name`) VALUES ('15','Tortel');

INSERT INTO `tutaller`.`commune` (`region_id`, `commune_name`) VALUES ('15','Chile Chico');
INSERT INTO `tutaller`.`commune` (`region_id`, `commune_name`) VALUES ('15','Río Ibáñez');


INSERT INTO `tutaller`.`commune` (`region_id`, `commune_name`) VALUES ('16','Punta Arenas');
INSERT INTO `tutaller`.`commune` (`region_id`, `commune_name`) VALUES ('16','Laguna Blanca');
INSERT INTO `tutaller`.`commune` (`region_id`, `commune_name`) VALUES ('16','Río Verde');
INSERT INTO `tutaller`.`commune` (`region_id`, `commune_name`) VALUES ('16','San Gregorio');

INSERT INTO `tutaller`.`commune` (`region_id`, `commune_name`) VALUES ('16','Cabo de Hornos');

INSERT INTO `tutaller`.`commune` (`region_id`, `commune_name`) VALUES ('16','Porvenir');
INSERT INTO `tutaller`.`commune` (`region_id`, `commune_name`) VALUES ('16','Primavera');
INSERT INTO `tutaller`.`commune` (`region_id`, `commune_name`) VALUES ('16','Timaukel');

INSERT INTO `tutaller`.`commune` (`region_id`, `commune_name`) VALUES ('16','Natales');
INSERT INTO `tutaller`.`commune` (`region_id`, `commune_name`) VALUES ('16','Torres del Paine');

INSERT INTO `offer` (`id`,`offer_name`,`offer_discount`) VALUES (1,'none',0);
INSERT INTO `workshop_office_suscription` (`id`,`offer_id`,`name`,`price`,`periodicity`,`description`) VALUES (1,1,'unsubscribed',0,'none','without subscription');
INSERT INTO `workshop_office_suscription` (`id`,`offer_id`,`name`,`price`,`periodicity`,`description`) VALUES (2,1,'basic',3533,'monthly','monthly basic plan');


SET SQL_MODE=@OLD_SQL_MODE;
SET FOREIGN_KEY_CHECKS=@OLD_FOREIGN_KEY_CHECKS;
SET UNIQUE_CHECKS=@OLD_UNIQUE_CHECKS;
